"","ID","linear.f0","linear.f0.se","linear.f0.p","linear.C0","linear.AIC","linear.AICc","linear.RSE","linear.r","linear.diagnostics"
"1","2021-03-16_CA01_A1",-9.34296457161054,6.31193297702425,0.139792839170606,1.54357480513109,-1250.68854609597,-1250.61377974083,0.0351117622557418,-0.0820829690218017,""
"2","2021-03-16_CA01_B1",6.00883887941105,0.301447499407966,1.22179501730272e-54,1.53242706789316,-2817.80998751519,-2817.71873276234,0.00122696357308292,0.774532674223575,""
"3","2021-03-16_CA01_C1",3.19545926213118,0.198363114516059,1.23446990314945e-43,1.52682777185848,-3609.13866299176,-3609.06659091969,0.00113665044347156,0.660685580526756,""
"4","2021-03-16_CA01_D1",2.47111402028299,0.236837860247006,2.80060506120018e-22,1.52720728049673,-3518.59217836873,-3518.5207497973,0.00136143979851128,0.493576064135308,""
"5","2021-03-16_CA01_E1",7.91433119545301,0.103420855500527,5.81742614624054e-216,1.5254783807989,-4092.79914641734,-4092.72792980013,0.000595584804056617,0.972254994806833,""
"6","2021-03-16_CA01_R1",-5.71021982339188,0.334036918202205,2.69714292584103e-47,1.53482231910902,-3599.61516928052,-3599.54154964862,0.00102922179930597,-0.68641043654992,""
"7","2021-03-16_CA01_R2",-12.6057762126964,5.18238831753543,0.0155291938002089,1.54137826077638,-1902.92042922829,-1902.84725849658,0.0136939994221973,-0.132716171819257,""
"8","2021-03-16_CA01_R3",1.21033499161092,0.377504535179476,0.00147606472224126,1.53640708034269,-3652.09386174392,-3652.02113447119,0.00101575415050271,0.17329779975854,""
"9","2021-03-16_CA01_R4",-4.12670649889487,0.221862742318458,1.23940194780565e-53,1.5254120877238,-4095.40162106362,-4095.32997927258,0.000572644832204933,-0.711735125126386,""
"10","2021-03-16_CA01_R5",-4.72727962355621,0.162029363483868,2.38607763005967e-94,1.52525494094823,-4173.3667962454,-4173.29536767397,0.000519774074102954,-0.846036026872656,""
"11","2021-03-16_CA02_A1",-0.87650247261033,0.480337682909087,0.0689603597701522,1.59419292545513,-2917.94073360943,-2917.86596725429,0.00270075892252821,-0.1010132038321,""
"12","2021-03-16_CA02_B1",1.32837956852728,0.253212534360072,2.8122616149142e-07,1.57439586950036,-3343.26549135778,-3343.19095719628,0.00142615700233536,0.279808541298878,""
"13","2021-03-16_CA02_C1",-0.487372023998051,0.243812487233255,0.0464223756952199,1.55173460762568,-3459.06543222389,-3458.99314306726,0.0013985758374389,-0.108729894510601,""
"14","2021-03-16_CA02_D1",2.49497349107538,0.0890756507658386,2.45735948361785e-89,1.53195606721903,-4103.30684331026,-4103.233894982,0.000507478165680387,0.838619177714055,""
"15","2021-03-16_CA02_E1",4.01519545550947,0.317158596920558,3.39036770496808e-30,1.53933784377757,-3241.61588084327,-3241.54248634786,0.00179693581198974,0.572340622397037,""
"16","2021-03-16_CA02_F1",3.36453306935324,0.124578388184224,8.61161083163251e-86,1.52484895653481,-3888.69876839057,-3888.62604111785,0.000712790578844174,0.828978165962784,""
"17","2021-03-16_CA02_R1",-22.2435246023525,0.295600717500241,5.71539574316647e-209,1.56825243973684,-3583.77795705016,-3583.70433741826,0.00105421747107945,-0.972237220840981,""
"18","2021-03-16_CA02_R2",-23.8015686143264,0.258463880511053,5.98881760641939e-238,1.54661763745487,-3680.23343279975,-3680.16048447148,0.000957857527117868,-0.981037521978715,""
"19","2021-03-16_CA02_R4",-7.87559233989359,0.1598768722921,3.65960864264451e-154,1.53319294156207,-4010.05773154459,-4009.98456081289,0.000573245152657447,-0.938235885360922,""
"20","2021-03-16_CA02_R5",-16.5367151273809,0.246203355671696,4.68692121135087e-196,1.53289647419705,-3788.17039577002,-3788.09810661339,0.000857027673994744,-0.964918922502095,""
"21","2021-03-16_CA02_R6",-195.699673511458,21.8473620102266,2.34964184187827e-17,1.59306316051758,-915.249399212624,-915.177327140552,0.0618649679625886,-0.439584477381441,""
"22","2021-03-17_BU01_A1",12.8544450799439,1.26708687734351,2.41543666382377e-21,1.56979031105218,-2425.65305538733,-2425.58328794547,0.00737388134149309,0.478809919257131,""
"23","2021-03-17_BU01_B1",47.9829101184897,0.15841986088645,0,1.55562941600776,-3770.79869777634,-3770.72684148891,0.000909194525165737,0.998173732489653,""
"24","2021-03-17_BU01_C1",20.7091441898129,0.192371758267142,9.36613935260663e-265,1.55167353450924,-3679.24230469137,-3679.17129877421,0.00110956512390668,0.985645857611547,""
"25","2021-03-17_BU01_D1",18.1562906414209,0.109763798544373,0,1.54862384032354,-4105.16165207404,-4105.09147663545,0.00063809395491024,0.993772399738098,""
"26","2021-03-17_BU01_E1",16.3070738785858,0.593805746323935,2.65349273797766e-88,1.54695025777549,-2908.88829112387,-2908.81728520671,0.00342197105229958,0.830216380017998,""
"27","2021-03-17_BU01_F1",14.2367480197997,0.11390502230096,6.97643516982814e-287,1.54737146894953,-4048.81819368379,-4048.74739722362,0.000657656209145908,0.989261372384893,""
"28","2021-03-17_BU01_R1",-8.60984320314743,0.327873794306122,5.39236138899095e-84,1.55992203633002,-3750.0565857713,-3749.985997536,0.00103287650546975,-0.817597612083032,""
"29","2021-03-17_BU01_R2",-8.61204633076355,0.224874193375869,2.30529869968328e-125,1.55719324467587,-3965.0585323882,-3964.98752647104,0.000730598057265663,-0.90100435150575,""
"30","2021-03-17_BU01_R3",-5.24855204027543,0.202614520393518,2.83589258423785e-82,1.55277893541219,-4046.69652246158,-4046.62509389015,0.000626202661218838,-0.815489268318263,""
"31","2021-03-17_BU01_R4",-0.949107074448529,0.202434987774102,3.99113322490687e-06,1.55089421004139,-4167.99468629816,-4167.923680381,0.000543034672653486,-0.246425920816937,""
"32","2021-03-17_BU01_R5",-3.45084472163682,0.144571229386718,2.43030266323624e-74,1.54854279332421,-4226.88981082618,-4226.81795453875,0.000463065297161758,-0.793119278076285,""
"33","2021-03-17_BU01_R6",-6.52929899746068,0.184037672414226,2.50517103342773e-116,1.54898295300941,-4161.83423223809,-4161.76322632093,0.000547947611843767,-0.887314041165652,""
"34","2021-03-17_GR01_A1",-1.64527509661573,0.212524703007986,1.22941474694703e-13,1.59186139563859,-3498.32744487072,-3498.25382523882,0.00119993721084931,-0.393053209247123,""
"35","2021-03-17_GR01_B1",-0.646684581943267,0.160952003908799,7.27827567556385e-05,1.58444413910808,-3701.05766282611,-3700.9844920944,0.000912944431476674,-0.215957432517792,""
"36","2021-03-17_GR01_C1",-0.0885065031052718,0.122881767866161,0.471874835103964,1.56924552970987,-3889.76715690159,-3889.69420857332,0.000699302805431838,-0.0395579402006556,""
"37","2021-03-17_GR01_D1",0.811004138901233,0.109246293896551,9.72136606423685e-13,1.56324237470488,-3965.65637552407,-3965.5834271958,0.000623991078357924,0.377798882097777,""
"38","2021-03-17_GR01_E1",28.6302698014808,9.72365208207706,0.00347429121710038,1.55190642306123,-979.139214520747,-979.063265153658,0.0520742992027242,0.162907756229234,""
"39","2021-03-17_GR01_F1",6.40019776760982,0.302043937951023,3.51691332799632e-64,1.56993889177751,-3377.66147770184,-3377.59068124166,0.00174942925902775,0.753892925408636,""
"40","2021-03-17_GR01_R1",-5.73926047629022,0.303475362932378,1.84382189867745e-54,1.58750809255396,-3716.33100122541,-3716.25738159351,0.000862397319010339,-0.722236598702055,""
"41","2021-03-17_GR01_R2",-29.3709061441692,0.27219632804673,1.98997913145465e-259,1.57270845705383,-3776.57453015326,-3776.50135942156,0.000814801718292707,-0.98612286792363,""
"42","2021-03-17_GR01_R3",-38.8071177501571,8.21399573977684,3.48913680319047e-06,1.57829264691476,-1472.67294007823,-1472.59576966022,0.0232173899578108,-0.25800405557325,""
"43","2021-03-17_GR01_R4",5.94232907859244,5.07363142448269,0.247960516745726,1.56171805422363,-515.528564739436,-514.943198885777,0.000753358629005075,0.175826566853486,""
"44","2021-03-17_RA01_A1",0.814170487617936,0.223934103114287,0.000319655674009145,1.56832644512737,-3606.59722367238,-3606.52684244071,0.00129185036289513,0.192635681336939,""
"45","2021-03-17_RA01_B1",1.01474954191269,0.131988390006185,1.69498473646989e-13,1.55799195391011,-3862.64918827779,-3862.57668072492,0.000754053092206265,0.388257881910878,""
"46","2021-03-17_RA01_C1",1.35419472750293,0.106391008660745,1.28401844461154e-30,1.55409835027351,-4084.07092995752,-4083.99992404036,0.000613922514299875,0.56809151625973,""
"47","2021-03-17_RA01_D1",1.21839467345247,0.102311622108632,1.80992626923441e-27,1.55352253805537,-4030.35217552853,-4030.27944825581,0.000576590125835889,0.547089070843362,""
"48","2021-03-17_RA01_E1",4.40321103935424,2.2370456875378,0.049832129578592,1.54713980926347,-2025.11488494215,-2025.04491409667,0.0130010278363799,0.105380481860377,""
"49","2021-03-17_RA01_R1",-2.7312305018705,0.286935266628912,3.50878699420469e-19,1.5644445913206,-3723.62099148747,-3723.54934969643,0.000990901065773574,-0.460313156699706,""
"50","2021-03-17_RA01_R2",-92.0369212600151,14.2804382935818,3.92037222882582e-10,1.59230319666936,-1124.35607947296,-1124.28569824129,0.0471590774846046,-0.328663258407384,""
"51","2021-03-17_RA01_R3",-8.38830999479152,0.331330910630976,4.75068021040409e-80,1.55635796525766,-3778.89716590876,-3778.82573733733,0.000928431535906373,-0.809155467569972,""
"52","2021-03-17_RA01_R4",-16.5342782301956,7.00431436221011,0.0188363273813847,1.55958513008215,-1610.58997702298,-1610.51567361741,0.0204919909059008,-0.129833373691912,""
"53","2021-03-17_RA01_R5",-3.69370463500755,0.295243343790449,8.43970007788127e-30,1.55177476269488,-3889.43568650901,-3889.36468059185,0.000816007194293121,-0.561454517577319,""
"54","2021-03-18_BR01_A1",3.34490498300001,0.153245263262694,1.57109631128109e-65,1.54495121764115,-3661.33121476467,-3661.25644840953,0.000860583314155111,0.771983802411026,""
"55","2021-03-18_BR01_B1",4.40702372799609,0.258566629741698,1.17855754808645e-47,1.55027991051681,-3512.69484635598,-3512.62467091738,0.00150214811823823,0.676639226778538,""
"56","2021-03-18_BR01_C1",4.28553314432156,0.259581804544542,5.07857855493863e-43,1.5528572011001,-2995.47184804768,-2995.38393595977,0.0010774754189921,0.705529174815754,""
"57","2021-03-18_BR01_D1",3.42163731591343,0.147100942052974,3.28285594870042e-72,1.55596410606533,-3856.76141648178,-3856.69019986456,0.000841882255185264,0.784088270839313,""
"58","2021-03-18_BR01_E1",-0.049073129521706,0.0949229415595793,0.605512239143535,1.55750063093373,-4107.62967492237,-4107.5576028503,0.000542528219185197,-0.0282342977194652,""
"59","2021-03-18_BR01_F1",3.36769914372944,0.0906453627919844,2.64208001362301e-120,1.55775833319167,-4104.12166725805,-4104.04893998533,0.000516305316632721,0.897835968948727,""
"60","2021-03-18_BR01_R1",0.27557699254181,0.16991990281555,0.105794287011006,1.54683557132039,-3849.13617046508,-3849.06344319235,0.000756281079194203,0.0886576273975604,""
"61","2021-03-18_BR01_R2",15.8093951849563,6.53653705186537,0.016142549854221,1.53748260168118,-1256.47689342882,-1256.40070295263,0.0335540476697788,0.134606899657891,""
"62","2021-03-18_BR01_R3",46.3271130777777,25.7793816704624,0.0732030131129527,1.53584138739127,-742.302156851116,-742.231981412519,0.0822985761068377,0.096439395451353,""
"63","2021-03-18_BR01_R4",-1.26248224673118,0.14905065617389,7.48757559453162e-16,1.55465112922385,-4058.08550764899,-4058.01450173183,0.000637694357748195,-0.417424554886147,""
"64","2021-03-18_BR01_R5",3.7216132671694,0.161799409290255,2.41854054917157e-71,1.55657738411933,-4051.71975513603,-4051.64895867585,0.000654880407415946,0.77979165946583,""
"65","2021-03-18_BR01_R6",-1.14059696931438,0.152378032112174,6.14215192243602e-13,1.55837077201759,-4064.45820343046,-4064.38740697028,0.000642832034346433,-0.375662855667364,""
"66","2021-03-18_BR02_A1",-5.13315651454476,0.329094336942945,1.00397453774664e-41,1.57090863954981,-3301.76330368317,-3301.69208706596,0.00189964135927537,-0.646388482095351,""
"67","2021-03-18_BR02_B1",0.442833542841168,0.249370425093132,0.0766835422913388,1.56524912304775,-3415.93497057911,-3415.86202225084,0.00142445360729516,0.0971454724537836,""
"68","2021-03-18_BR02_C1",5.46701116928065,3.43398112466544,0.112645970041923,1.55569379471306,-1470.46943526685,-1470.37226927495,0.0128281579321468,0.100381392902205,""
"69","2021-03-18_BR02_D1",-1.74384226504735,0.138885937400653,8.53800979921529e-30,1.55531544240992,-3776.17146402331,-3776.09784439141,0.000787645978874335,-0.569752972288704,""
"70","2021-03-18_BR02_E1",-0.0650094348275168,0.129138777097853,0.615018784198271,1.55300411119528,-3794.37846987315,-3794.30416646758,0.000726808669970907,-0.0279131459007454,""
"71","2021-03-18_BR02_R1",-10.2525554706512,0.358683302047266,1.96456092954851e-92,1.57093488533644,-3569.25903825327,-3569.18803233611,0.00130312132710506,-0.840324972200328,""
"72","2021-03-18_BR02_R2",-27859045.5277463,16042635.3035526,0.0834207407159754,11001.9422016812,7879.91215840427,7879.98715840427,45947.5800618789,-0.0963248596826779,""
"73","2021-03-18_BR02_R3",-13.401595753317,0.29821555560207,1.15059106823542e-143,1.56049651378017,-3771.61782403805,-3771.54553488142,0.000878399949231,-0.926329375411787,""
"74","2021-03-18_BR02_R4",-5.53904416493482,0.227387879595519,1.49150860149792e-75,1.55500029590885,-3826.75600048397,-3826.68238085206,0.000729533644218351,-0.80250443352467,""
"75","2021-03-18_BR02_R5",-7.94341612911782,0.248977071296303,1.96465345780842e-102,1.55322388440388,-3786.31621146176,-3786.24236530791,0.00076221015912026,-0.869974338921162,""
"76","2021-03-18_VI01_A1",-1.56764280151763,0.319825053008283,1.49368095826106e-06,1.58179438121964,-3243.60001525202,-3243.52684452031,0.00181822722904973,-0.260505842077829,""
"77","2021-03-18_VI01_B1",-1.9714461381145,0.14888994404106,2.4450781305452e-32,1.54744337212042,-3721.26060168324,-3721.18675552939,0.000841420070780496,-0.590782988990519,""
"78","2021-03-18_VI01_C1",-26.6353876597319,6.86717616181904,0.000127074096314806,1.56477222438916,-1206.60402034319,-1206.52994626912,0.0382213064639494,-0.210027258491864,""
"79","2021-03-18_VI01_D1",-0.550078081784189,0.136426729757149,6.89930078847282e-05,1.53670944722711,-3746.37576481051,-3746.30123064902,0.000768523701810627,-0.218585381667856,""
"80","2021-03-18_VI01_D2",-0.0522597651610593,0.101070393544736,0.605462773421615,1.53558972122483,-3965.32042296345,-3965.24634888937,0.000570086458036679,-0.0286257376356325,""
"81","2021-03-18_VI01_R1",-25.8285931489991,0.27688765967599,1.31895638202383e-234,1.5570564424932,-3526.07626717447,-3526.00103206475,0.00102460997206773,-0.982050045378805,""
"82","2021-03-18_VI01_R2",-4.30898693764075,0.182309072873595,4.76817909387009e-73,1.55083543280244,-3875.68773559953,-3875.61478727126,0.00071424362719548,-0.792426866417549,""
"83","2021-03-18_VI01_R3",-42.353457932212,0.239381935637824,0,1.54410915778377,-3833.04855749219,-3832.97516299678,0.000735415269212137,-0.994786084696488,""
"84","2021-03-18_VI01_R4",-15.6353557925886,0.225321987265479,1.03543621892161e-197,1.53902679512392,-3882.38985009458,-3882.31600394074,0.000658664136101144,-0.967681624661209,""
"85","2021-03-18_VI01_R5",-36.6547657087437,0.200013213340456,0,1.53348472798393,-3953.44157626736,-3953.36795663546,0.000602120531895039,-0.995152326201846,""
"86","2021-03-19_AL03_A1",32.9640693600886,10.0712673775895,0.00117475173389249,1.57153976868482,-962.15712568868,-962.085053616608,0.0577058203162284,0.176034909972333,""
"87","2021-03-19_AL03_B1",7.47337071349668,17.5921033689956,0.671245848642934,1.5597018192049,-596.003129876381,-595.930840719755,0.0990835901061886,0.0232385072286829,""
"88","2021-03-19_AL03_C1",10.5126446343171,0.12218896559234,1.80299109659024e-230,1.53300454547488,-3936.44886808458,-3936.37679601251,0.000699396317374988,0.978111754644007,""
"89","2021-03-19_AL03_D1",120.427804462999,0.224466409896894,0,1.52791993331483,-3543.81293684591,-3543.74129505487,0.0012918341600905,0.999415118422166,""
"90","2021-03-19_AL03_E1",38.3672013950351,0.106145998591508,0,1.53278624880215,-4041.90617105928,-4041.83431477185,0.000608813823391252,0.998716607165158,""
"91","2021-03-19_AL03_E2",36.2707541436156,0.287715874629216,5.52453925286628e-285,1.53103457296701,-3369.31432339824,-3369.24246711081,0.00164660499236399,0.989593538177054,""
"92","2021-03-19_AL03_R1",-28.4494300488947,0.344595522365284,4.13078894525409e-226,1.52800261165656,-3601.3085565668,-3601.23712799537,0.00120550803328472,-0.976090942427876,""
"93","2021-03-19_AL03_R2",-5.97006127028068,4.42758157428876,0.17848393782319,1.52802316420432,-1734.9279081884,-1734.8529081884,0.0165319618439548,-0.0749310188852602,""
"94","2021-03-19_AL03_R3",-17.3350054771786,0.144748726717435,1.31177723480797e-274,1.53330348033641,-3978.69678933736,-3978.6238410091,0.000611892044968988,-0.988656666018297,""
"95","2021-03-19_AL03_R4",-17.1143475000015,0.449171114220181,3.41305790241183e-124,1.53453831874867,-3232.1911128061,-3232.11947101506,0.00204558179948181,-0.900889625186004,""
"96","2021-03-19_AL03_R5",-15.271820792053,0.145714496481174,1.34834560438723e-257,1.53749234281859,-3742.96001567896,-3742.88772652233,0.000916670020865255,-0.985134769523141,""
"97","2021-03-19_AL03_R6",-12.5994246411827,0.0880906746030244,1.05626591351678e-301,1.53554196659323,-4145.11464559938,-4145.04235644275,0.000503862378044844,-0.991935150320287,""
"98","2021-03-19_ME01_A1",5.37393180429326,0.146436930730948,2.7401162078835e-120,1.54007611300703,-3864.18754527048,-3864.11653935332,0.000846690870932813,0.893547692938377,""
"99","2021-03-19_ME01_B1",2.0426525890842,0.134762061116192,3.92429692091782e-40,1.53789755215586,-3975.88593525681,-3975.81596441133,0.000782015376389088,0.632248390300901,""
"100","2021-03-19_ME01_C1",5.06845702916704,0.124676458380003,7.52868698819309e-129,1.53851538966547,-3785.56285037741,-3785.48785037741,0.000698189650641262,0.914840790983939,""
"101","2021-03-19_ME01_D1",3.29378841689855,0.206617167040903,2.88250885195155e-42,1.53946785413348,-3381.48141589236,-3381.40399653752,0.00110288884176369,0.669993539469241,""
"102","2021-03-19_ME01_E1",3.19593387353358,0.0993309657760908,4.73028348013134e-103,1.54109488608167,-3964.1671952669,-3964.09289186133,0.000560622333975339,0.87239061358168,""
"103","2021-03-19_ME01_R1",-25.1217937539192,0.246254502543269,1.36220352316459e-257,1.53983059404989,-3848.00861568013,-3847.93781921996,0.000881308423986358,-0.984008988235656,""
"104","2021-03-19_ME01_R2",-3.78236581114591,0.108942578631006,5.10863373546704e-113,1.53822818303655,-4013.70229793463,-4013.63022586256,0.000623655558938953,-0.884604003579656,""
"105","2021-03-19_ME01_R3",-8.10073837326108,0.101229663149289,7.85919965367867e-217,1.53525043780037,-3973.31584906368,-3973.24200290984,0.000573655096712343,-0.975406030988739,""
"106","2021-03-19_ME01_R4",-53.6183274156024,6.65551945636569,1.58712635798583e-14,1.57229421026779,-1197.8310814634,-1197.75537168422,0.0372188539997593,-0.411169351318041,""
"107","2021-03-19_ME01_R5",-7.27813541116199,0.0903893008845971,5.06465999370279e-214,1.53737746645702,-3957.90612061876,-3957.83041083958,0.000505419327312038,-0.976271035926646,""
"108","2021-03-22_AL02_A1",68.0214981785383,0.237035010989234,0,1.5277529499352,-3024.68127945007,-3024.59271856446,0.000982295399231381,0.998346565085555,""
"109","2021-03-22_AL02_B1",146.237082060011,0.268076373507847,0,1.53452886563459,-3498.9827492427,-3498.91277839722,0.00155472628491879,0.999420819777043,""
"110","2021-03-22_AL02_C1",166.990325776056,0.28819895581936,0,1.5191066747705,-3294.71290027799,-3294.63928064609,0.00163358357987214,0.999511878477985,""
"111","2021-03-22_AL02_D1",83.100825105505,8.20463228484024,3.83238880854194e-21,1.50643078066926,-1088.45623278401,-1088.38215870993,0.0457639404982958,0.489245348800573,""
"112","2021-03-22_AL02_E1",104.320414380461,0.173166049884665,0,1.51551929951016,-3633.53934712828,-3633.46572749638,0.000977656118906159,0.99954841814326,""
"113","2021-03-22_AL02_F1",137.152317857799,0.235243384325542,0,1.51848393337248,-3514.47600472833,-3514.40436293729,0.00134895854885603,0.999504657422623,""
"114","2021-03-22_AL02_R1",-14.9099237941287,0.26141181402865,2.08349088035127e-177,1.52434433046329,-3871.32882194207,-3871.25864650347,0.000894615709597338,-0.950982653327101,""
"115","2021-03-22_AL02_R2",-14.6597010713792,0.0889897654156652,0,1.52127825274027,-4347.61684302418,-4347.54787750694,0.00050034917339211,-0.993613077259699,""
"116","2021-03-22_AL02_R3",-40.2414999165711,0.223281206034773,0,1.51855110187009,-3950.88538304915,-3950.81243472088,0.000637984978338521,-0.994943497236106,""
"117","2021-03-22_AL02_R4",-16.9429924652871,0.216139886875717,5.25904512636731e-218,1.5188716600261,-3900.47836864582,-3900.4065123584,0.000750489182854636,-0.973732431447876,""
"118","2021-03-22_AL02_R5",-11.5660778995738,0.0802221245279922,3.72003021504285e-302,1.51435780428684,-4196.2979929074,-4196.22548535453,0.000458279604998683,-0.992085012462308,""
"119","2021-03-22_AL02_R6",-6.87871664917949,0.311170577431204,4.41721909522432e-67,1.51575825616776,-3523.9857148111,-3523.91254407939,0.0011919544521186,-0.77259843913268,""
"120","2021-03-22_RO01_A1",1.66424097980574,0.162801996290879,1.80949925399685e-21,1.51532513816653,-3662.71919468169,-3662.64534852785,0.000919711219160043,0.492114869499526,""
"121","2021-03-22_RO01_B1",2.15502740232449,0.120660733342474,3.43032502384301e-50,1.5168287025684,-3836.19414943229,-3836.11984602671,0.000681792198726175,0.703798141345724,""
"122","2021-03-22_RO01_C1",1.84497938951248,0.405627906468362,7.72924733351051e-06,1.52110463123268,-2981.86304869608,-2981.78612561916,0.00214761935830846,0.24862417090395,""
"123","2021-03-22_RO01_D1",2.40334906948084,0.0890777313841474,1.03674777133474e-86,1.52575118764692,-4228.6080113178,-4228.53742308251,0.000515189080607547,0.824836845160195,""
"124","2021-03-22_RO01_E1",3.02823801069422,0.0768737434478477,6.30994897786805e-130,1.52834011144577,-4375.083705224,-4375.01393778214,0.000448000066613798,0.904256371269893,""
"125","2021-03-22_RO01_F1",3.07540623266192,0.0756328691947973,1.91140396550762e-133,1.53168902975649,-4363.84905605674,-4363.77888061814,0.000439070419437839,0.909823083927436,""
"126","2021-03-22_RO01_R1",-7.40458077353244,0.522679410053767,3.00771667000924e-36,1.51444895397383,-3044.28995912021,-3044.22019167835,0.00303162288624957,-0.605889887763721,""
"127","2021-03-22_RO01_R2",97.7885032649379,16.4297376882227,6.75346705700035e-09,1.48998068319488,-858.432288809216,-858.359340480949,0.0662796176269694,0.310931272659498,""
"128","2021-03-22_RO01_R3",-9.6093765667616,0.186814435889986,8.70851619510167e-161,1.51900069613698,-4025.31225859156,-4025.23996943493,0.000602194530194165,-0.942292319701673,""
"129","2021-03-22_RO01_R4",-5.96759991596385,0.206840715270176,2.71690512388392e-93,1.52400722516947,-3971.78743122676,-3971.71621460955,0.000711218943170689,-0.842971206793336,""
"130","2021-03-22_RO01_R5",-1.37000116586068,4.32492376898629,0.751612831388548,1.52514806761606,-1563.21290665325,-1563.14211019308,0.0246372212781595,-0.0171514721311008,""
"131","2021-03-22_RO01_R6",-45.1410118645496,9.42908706457389,2.54230568753802e-06,1.54832419390336,-1252.74741704204,-1252.67512788541,0.0372877849583129,-0.253405808502362,""
"132","2021-03-23_JO01_A1",1.85564136917609,0.183975173261782,5.70135986732299e-21,1.55208455542321,-3531.44903123375,-3531.37403123375,0.0010334331843113,0.489990596209178,""
"133","2021-03-23_JO01_B1",43.2007263467545,9.03718108635714,2.65609307009522e-06,1.51919881097383,-1027.43359325021,-1027.35928984464,0.0499843796728568,0.256307360001518,""
"134","2021-03-23_JO01_C1",4.43356392124759,0.11250066153197,2.00593324229196e-128,1.53279249138573,-4022.90338792352,-4022.83195935209,0.000648501270185613,0.90623772838527,""
"135","2021-03-23_JO01_D1",6.89793180650602,0.189638578952044,1.30415847418413e-116,1.52928828627352,-3541.57962719753,-3541.50532379196,0.00106977736778172,0.895991192295716,""
"136","2021-03-23_JO01_E1",6.93002227807079,0.079393412953942,3.9159387510842e-228,1.54511375099806,-4128.18621678552,-4128.11214271145,0.000444752079824243,0.979269174821522,""
"137","2021-03-23_JO01_F1",5.90638180440006,0.0953869546392812,2.52880236752603e-182,1.54177958000073,-4001.20810449262,-4001.13403041854,0.000539736576097617,0.960019151126111,""
"138","2021-03-23_JO01_R4",-5.80243000598483,0.113406763172623,1.09219353075117e-158,1.53546622204168,-4013.14914634727,-4013.07575185186,0.000560248290643643,-0.942525709003982,""
"139","2021-03-23_JO01_R5",-4.53258691619589,0.141711426912748,1.10963548448521e-104,1.52729661675741,-3899.42016481506,-3899.34936835489,0.00081767397981551,-0.866027125142818,""
"140","2021-03-23_JO01_R6",-1.13582165054798,0.188899327047602,4.70396734324202e-09,1.53006904543498,-3694.45724147861,-3694.38623556145,0.00108515637243049,-0.310025017233675,""
"141","2021-03-23_JO01_R7",-38.4350682482845,7.18071414944013,1.66701441087797e-07,1.56424400284917,-1158.90981418656,-1158.83362371037,0.0390984943480813,-0.287900174143654,""
"142","2021-03-24_AL01_A1",3.47062942838349,0.188264630199019,6.92278977167258e-53,1.53690537175731,-3645.17237940237,-3645.10030733029,0.00107747812661423,0.709639795345992,""
"143","2021-03-24_AL01_B1",-0.587909944317231,0.27466455559768,0.0330542798307757,1.54100473722757,-3326.66713931439,-3326.59351968249,0.00155637687371688,-0.117370534820398,""
"144","2021-03-24_AL01_C1",4.10479960566674,0.146365555911374,6.70596468004064e-89,1.53879996763236,-3723.1250999678,-3723.05102589372,0.000824674050188925,0.840814980510507,""
"145","2021-03-24_AL01_D1",4.00274833231135,0.0975620193229105,8.75473182245959e-131,1.53524364015587,-3988.23699706222,-3988.16292298814,0.000550515013413069,0.915288153011,""
"146","2021-03-24_AL01_E1",3.75826627248755,0.0800722521312956,1.45434657255493e-146,1.53402634482352,-4095.16529300677,-4095.09075884528,0.000450121767251088,0.933693646935952,""
"147","2021-03-24_AL01_R1",5.52893836403115,11.3302399936501,0.626018491346873,1.54366368921009,-632.396055973328,-632.293051681482,0.0631951107725437,0.0318162349248738,""
"148","2021-03-24_AL01_R2",0.0789206922349776,1.50818873225513,0.958299291169749,1.53189092184419,-2189.96057833936,-2189.88650426529,0.00853669540222751,0.00289817476156932,""
"149","2021-03-24_AL01_R3",-0.68212834439005,0.101166872535827,7.0258425820525e-11,1.53716984951377,-3985.01757593534,-3984.94395630344,0.000573991863207861,-0.348902543845486,""
"150","2021-03-24_AL01_R5",-5.12863759890384,0.442401245168424,3.14486184239155e-26,1.5330134812775,-3111.24786431527,-3111.17333015378,0.00203569782557896,-0.541461348570965,""
"151","2021-03-24_AL01_R6",-6.51037116732782,0.0825708392382623,7.89064286632512e-215,1.53315613374959,-4109.27269834674,-4109.19885219289,0.000466569498343242,-0.974693835873916,""
"152","2021-03-24_BU02_A1",NA,NA,NA,NA,NA,NA,NA,NA,"length(t) > 2 is not TRUE"
"153","2021-03-24_BU02_B1",-9.03353523543132,3.51784760678824,0.0131444630569768,1.5734281413584,-564.103252402403,-563.623252402403,0.00125728306002228,-0.335469811224043,""
"154","2021-03-24_BU02_C1",28.1359259763979,4.6181958807599,3.01977129174882e-09,1.5361899297877,-1503.00632259411,-1502.9351059769,0.0265528925597112,0.314142822650036,""
"155","2021-03-24_BU02_D1",120.413329243016,13.6662506688736,7.12311095752687e-17,1.50750757616274,-752.754586531472,-752.681638203204,0.0776768795132095,0.435871109824631,""
"156","2021-03-24_BU02_E1",29.2744395000372,4.47048610137505,2.39351925301463e-10,1.52536444036285,-1462.69301657085,-1462.61559721601,0.0234138680241662,0.34761002897889,""
"157","2021-03-24_BU02_F1",23.9881474626211,0.169761343361171,1.82031412475942e-292,1.52687525001256,-3595.01625129674,-3594.9414849416,0.000953017677040688,0.992008536275467,""
"158","2021-03-24_BU02_R1",-15.807860525035,0.380918021522205,2.85255484530745e-131,1.56334864347785,-3431.27301207862,-3431.19801207862,0.00120620500363136,-0.917867655832242,""
"159","2021-03-24_BU02_R2",-23.0492289813508,1.73547539376832,9.51386075143502e-33,1.54654161290361,-2527.18998840483,-2527.11940016954,0.00610904227330434,-0.583323277216338,""
"160","2021-03-24_BU02_R3",-37.4836569447535,3.72229344614866,4.49344707455606e-21,1.5469609190434,-2083.38169008787,-2083.31151464927,0.0118505893696585,-0.47714834788461,""
"161","2021-03-24_BU02_R4",53.9937215141275,16.86937286627,0.00150507202411483,1.51130024609915,-1055.74726237174,-1055.67364273984,0.048576909047722,0.174031949403044,""
"162","2021-03-24_BU02_R5",-27.0005549843254,2.69845896980982,9.75126611058355e-21,1.52381529236284,-2250.11467966071,-2250.04083350687,0.00787048606236981,-0.484153136672429,""
"163","2021-03-24_BU02_R6",-16.5848100655006,0.171359742787701,2.95894480502972e-217,1.51578516493763,-3546.88132894794,-3546.79499801269,0.000446168096163569,-0.985380951575237,""
"164","2021-03-24_CO01_A1",6.39058167478286,0.961365020616574,1.17584314280774e-10,1.51942802650866,-2600.82100731553,-2600.75062608386,0.0055495801199457,0.337824498219608,""
"165","2021-03-24_CO01_B1",21.9195867108415,2.48251320091822,6.03136323692648e-17,1.52422635894553,-1906.40740445475,-1906.33511529813,0.0140969361212067,0.435023127803398,""
"166","2021-03-24_CO01_C1",23.0017894842315,4.95074424594176,4.94842299959011e-06,1.50752831972867,-1407.54674355296,-1407.47127185485,0.0270309812287077,0.25138582353219,""
"167","2021-03-24_CO01_D1",2713.21789934853,1199.32848774557,0.0243546032620448,0.675415293469523,2109.58682945692,2109.66277882401,6.49511719817531,0.125853704966317,""
"168","2021-03-24_CO01_E1",10.0342622457899,0.0963738704996946,1.04644913565859e-262,1.51899289237928,-4210.1124834133,-4210.04251256782,0.000558007371284095,0.984457567514374,""
"169","2021-03-24_CO01_R1",-0.794715851028009,0.233585774345869,0.000748779674585699,1.5138202314205,-3576.27233555243,-3576.20069376139,0.00123144443615701,-0.182228878163469,""
"170","2021-03-24_CO01_R2",3850315.28317031,2205075.62469034,0.08175665254672,-1362.30973507014,6929.08024067515,6929.15619004224,12106.6376749869,0.0974512019497884,""
"171","2021-03-24_CO01_R3",-2.59851258543011,0.40063107185988,3.16339628841544e-10,1.5157649645509,-3475.57326050831,-3475.50118843624,0.00138576728532256,-0.334018007713466,""
"172","2021-03-24_CO01_R4",-8.8180658643021,1.07747255614855,5.74874987688216e-15,1.51490649440667,-2766.13953701509,-2766.06768072766,0.00401881057449036,-0.407686453224784,""
"173","2021-03-24_CO01_R5",119.306003238639,22.0628167428964,1.24497514193791e-07,1.4944468129046,-820.834402701752,-820.759636346612,0.0680232969085252,0.288125006529783,""
"174","2021-03-25_AL04_A1",8.29216424917913,0.135570017496933,2.8774984984225e-178,1.50845988393152,-3696.16410512975,-3696.08839535057,0.000759823583437171,0.959912514418793,""
"175","2021-03-25_AL04_B1",-30.6118565137011,15.1600614474992,0.0443306951843718,1.51499450699159,-682.229702367583,-682.151013842993,0.0797122452151977,-0.114486562539571,""
"176","2021-03-25_AL04_C1",15.4621902189494,0.216483605996793,3.50959879595015e-203,1.4846120292915,-3512.16111460635,-3512.08816627808,0.00123282046705356,0.969056052560724,""
"177","2021-03-25_AL04_D1",17.5845538415228,4.89128775659348,0.000372884655740573,1.48907416730192,-1465.88472816296,-1465.81287187554,0.0275069813879746,0.192460833024515,""
"178","2021-03-25_AL04_E1",78.4818149913857,12.8160505038426,2.53081714075926e-09,1.46764458654831,-803.591343390164,-803.520126772954,0.0740450616811605,0.315596674226985,""
"179","2021-03-25_AL04_R1",-24.308928186086,0.386868548679939,3.67727017589487e-183,1.50563250941717,-3388.30811577238,-3388.23334941724,0.00130982126572593,-0.961445853999268,""
"180","2021-03-25_AL04_R2",-13.1353534130062,0.817679362448006,6.23560010942628e-43,1.49518270300258,-2959.95008347227,-2959.87413410518,0.00235762450600604,-0.669307345979597,""
"181","2021-03-25_AL04_R3",86.5804512093556,14.217714967287,3.17393644296949e-09,1.47520039446595,-1105.75069207937,-1105.67684592553,0.044802987311838,0.319146124469314,""
"182","2021-03-25_AL04_R5",-1.41361609244481,7.29226060253893,0.84641666442118,1.47737443443579,-1484.0111235651,-1483.93469044408,0.0233170894588156,-0.0109043538781232,""
"183","2021-03-25_AL04_R6",122.341151670781,18.5986526235568,1.84218971846217e-10,1.4624883087462,-829.630615370575,-829.558326213948,0.0699866066191949,0.338661023709872,""
"184","2021-03-25_AL06_A1",11.5552724374698,1.57222967683205,1.52433567079893e-12,1.53031788547549,-2217.6889751279,-2217.61711884048,0.00904582550474096,0.372153899265026,""
"185","2021-03-25_AL06_B1",1192.34228653324,449.127260998084,0.00832993920420822,1.11943067615994,1498.46501112827,1498.54001112827,2.42867100808061,0.146353102252276,""
"186","2021-03-25_AL06_C1",66.4849030459516,3.27538885410813,2.08860621804578e-60,1.52197898106191,-1728.82023814177,-1728.74859635073,0.0187847133543993,0.741673740099012,""
"187","2021-03-25_AL06_D1",30.5606697443978,1.90397101548969,2.09624795812125e-43,1.52982675153982,-2087.06632619157,-2086.99425411949,0.0108737680950038,0.659339115965478,""
"188","2021-03-25_AL06_E1",19.009742463426,1.90350322180604,1.09444185477542e-20,1.51672242390149,-2054.48398904073,-2054.41059454532,0.0107977035738725,0.482312393708729,""
"189","2021-03-25_AL06_F1",47.5385786146422,5.07410818062712,1.5952516786358e-18,1.50531509301863,-1369.31774080294,-1369.23956490718,0.0266002547720542,0.470342352969107,""
"190","2021-03-25_AL06_R1",-5.13721447939997,0.761428054584188,6.57320484992746e-11,1.51343193269624,-3100.26436424642,-3100.19293567499,0.00251866947774142,-0.344512582995524,""
"191","2021-03-25_AL06_R2",50.7886226572576,15.932476732439,0.00157374456167467,1.50702600489846,-1100.10410985092,-1100.02957568942,0.0444966979244629,0.174383266237687,""
"192","2021-03-25_AL06_R3",-25.0849232662876,0.26223556286525,3.53627248015437e-242,1.51591606780725,-3745.9078111971,-3745.83441670169,0.00083888017636578,-0.982493429673925,""
"193","2021-03-25_AL06_R4",-59.4190958376821,0.361025561443884,1.58101006669199e-322,1.53116917449019,-3626.52615291151,-3626.45408083944,0.00110770273999916,-0.993873209039308,""
"194","2021-03-25_AL06_R5",10.4428563265279,15.8934702767479,0.511606039824642,1.50910935793126,-1041.97556521637,-1041.90217072096,0.0498392286400852,0.0362007745461925,""
"195","2021-03-25_AL06_R6",93.3180252358884,21.7285902044546,2.32646699491789e-05,1.48440063794491,-880.488282310118,-880.41233294303,0.0607528266997194,0.234140878749789,""
"196","2021-03-25_AL07_A1",33.4701610760451,0.24990379373718,4.61191135793252e-287,1.57179601252362,-3369.34296266717,-3369.2688885931,0.0014141589562458,0.991035071479578,""
"197","2021-03-25_AL07_B1",7.8850217281958,1.576656712548,9.27871198264988e-07,1.55626061002119,-2184.47165548114,-2184.39848474943,0.0089614747618689,0.265426835742013,""
"198","2021-03-25_AL07_C1",34.9802088929607,0.631812187354867,2.90336744906704e-171,1.54625615543369,-2846.55642569836,-2846.48478390732,0.00361273452557083,0.949183068571294,""
"199","2021-03-25_AL07_D1",27.1847035426131,0.794430284745065,9.78441905304603e-111,1.53325198943745,-2643.77081298737,-2643.6978646591,0.0045412120543386,0.882960666192966,""
"200","2021-03-25_AL07_E1",32.6050282688713,0.371263674174424,2.13649705295143e-231,1.5282037345767,-3155.28406747049,-3155.21111914222,0.00210677012678293,0.97920865180965,""
"201","2021-03-25_AL07_F1",21.5386512600838,1.56849464302622,1.99589840956215e-34,1.53150149929412,-2238.93167668954,-2238.86046007233,0.00902563855047383,0.597854796201085,""
"202","2021-03-25_AL07_R1",-2.73102647821334,0.245072235397246,1.2418650446847e-24,1.563233245442,-3443.35528689568,-3443.28075273419,0.00122320132566425,-0.526385488541634,""
"203","2021-03-25_AL07_R2",41.3238922292496,8.09135848052686,5.60996465909646e-07,1.54900744761954,-1267.20809669483,-1267.13309669483,0.0340246554186494,0.273740020538681,""
"204","2021-03-25_AL07_R3",-17.7720339421057,0.151219915404411,3.60705937105847e-273,1.53687011647665,-3967.78599089472,-3967.71348334185,0.000644543412594572,-0.988158943397838,""
"205","2021-03-25_AL07_R4",-15.561690483423,0.138273617500544,6.8944958670679e-266,1.53413695397088,-3874.64368635165,-3874.57073802338,0.000715364183241713,-0.987184036683219,""
"206","2021-03-25_AL07_R5",-9.64711684740751,0.126381567560198,1.82020647611825e-210,1.52584001311582,-3932.88964700355,-3932.8158008497,0.000610004501083087,-0.973068245668865,""
"207","2021-03-25_AL07_R6",-14.4288283742685,2.03816019113742,8.84852204661536e-12,1.5233432591212,-2128.43638070261,-2128.36276107071,0.00956262004308965,-0.364065580660134,""
"208","2021-05-03_AL01_A1",10.2579084299543,0.208753365720861,3.41730205085575e-155,1.49305965305674,-3583.4575766274,-3583.38550455533,0.00118079534420926,0.937104819853647,""
"209","2021-05-03_AL01_B1",-9.41720964410498,4.21143783307729,0.0260297155417432,1.50289011880367,-1515.97120173261,-1515.89620173261,0.0231777262152266,-0.123656760106838,""
"210","2021-05-03_AL01_C1",6.05648816642841,0.348155730915098,2.98187875388194e-48,1.49322448524371,-3127.2872994163,-3127.2122994163,0.0019282113747681,0.696049463307863,""
"211","2021-05-03_AL01_D1",2.89169283511502,6.5689359444323,0.660082396685835,1.4953420768651,-1226.51221338288,-1226.43721338288,0.036230007439536,0.0245244092249394,""
"212","2021-05-03_AL01_E1",-12.4479065666164,4.46467416535773,0.00562528702082558,1.50933585500145,-1469.47382679864,-1469.39690372172,0.0235089423470697,-0.155428786263166,""
"213","2021-05-03_AL01_R1",-5.99355427776592,0.30712194401202,5.47303388535603e-57,1.4935565321355,-3522.9802108376,-3522.90726250933,0.00121295522629803,-0.731444133629597,""
"214","2021-05-03_AL01_R2",-11.0131792150945,0.246508952297251,7.06102255000976e-144,1.49383808445428,-3798.80234435478,-3798.73091578336,0.000901648108739075,-0.924761637394021,""
"215","2021-05-03_AL01_R3",-0.279353830441236,0.206499329344383,0.177060415463166,1.49348922949594,-3766.16939997644,-3766.09486581495,0.00074554319090465,-0.0749446079954693,""
"216","2021-05-03_AL01_R4",-29.9530650966548,0.511292046384874,1.85619347636601e-175,1.49115025496957,-3220.73615674351,-3220.66231058967,0.00180040419803249,-0.955514659546051,""
"217","2021-05-03_AL01_R5",-5.63768955691009,0.178848794663697,7.75050508749024e-102,1.49341267410557,-3910.37723015875,-3910.30450288602,0.000690029859906245,-0.865768708450581,""
"218","2021-05-03_AL02_A1",252.226168716318,1.66612079452385,9.35107065792552e-315,1.47744649894843,-2218.82210163419,-2218.75130517401,0.00947408166665666,0.992642279941804,""
"219","2021-05-03_AL02_B1",431.462827578542,2.58186325958837,0,1.51744758351382,-1917.75281332309,-1917.68201686292,0.0146939572540602,0.99395008943833,""
"220","2021-05-03_AL02_C1",370.339548765635,7.42491431664513,4.18956763050205e-157,1.52302617732497,-1177.39161071759,-1177.31953864551,0.0419307329728544,0.938788554109563,""
"221","2021-05-03_AL02_D1",404.997331852449,0.741056057512928,0,1.48298379339556,-2680.40806124066,-2680.33444160875,0.00414350075910862,0.999451364218464,""
"222","2021-05-03_AL02_E1",140.953370661393,0.531700179335891,0,1.4871641047378,-2945.14963762755,-2945.07734847093,0.00300479728540138,0.997632148284413,""
"223","2021-05-03_AL02_F1",123.764629311311,1.06083047091064,1.549662235494e-271,1.4828983760573,-2492.18371669337,-2492.11098942064,0.00576626048791743,0.988022956139144,""
"224","2021-05-03_AL02_R1",-6.17535054159353,0.462223774390003,4.564350449985e-33,1.51677634756454,-3471.9972318436,-3471.92685061193,0.00157011369256703,-0.585039952113704,""
"225","2021-05-03_AL02_R2",-20.6584948620035,0.464625857570839,1.96155529760902e-144,1.5170021908869,-3449.36611486886,-3449.29573363719,0.00162246525135978,-0.923119987422974,""
"226","2021-05-03_AL02_R3",-41.8428917638289,0.352834330759568,1.17404157816283e-275,1.50463218180102,-3691.50902782239,-3691.43695575031,0.00100589179488437,-0.988298599369795,""
"227","2021-05-03_AL02_R4",-20.5490291788068,0.336686676717982,5.43261399577583e-178,1.50032051462973,-3441.78103603569,-3441.70532625651,0.0011292642454194,-0.95974916230803,""
"228","2021-05-03_AL02_R5",-32.8673864140983,0.204837476754629,0,1.49498264144432,-4120.8998296259,-4120.83046546405,0.000667718165740322,-0.993309445036372,""
"229","2021-05-03_AL02_R6",-13.7784904162486,0.146372158107872,3.95990739948933e-250,1.49428521581271,-4276.11174649813,-4276.042582233,0.000544329571092931,-0.980870382516136,""
"230","2021-05-03_CO01_A1",13.1926747792622,0.239264013884473,5.95026002239345e-168,1.52221779272347,-3427.20530977109,-3427.13169013919,0.00133646763743583,0.950063360186914,""
"231","2021-05-03_CO01_B1",22.9140106043912,0.226237387397188,1.93461380734601e-248,1.52020594171475,-3444.761481357,-3444.68740728292,0.00126057469367671,0.984479319738977,""
"232","2021-05-03_CO01_C1",174.242925196242,15.223025743407,9.24343446350349e-26,1.4500270711864,-695.626341576526,-695.552947081113,0.0840984836137603,0.533666547670488,""
"233","2021-05-03_CO01_D1",8.60700661774515,3.08451139754693,0.00556407311882966,1.52389932640447,-1775.64979062023,-1775.57814882918,0.0175310445438292,0.150276389672546,""
"234","2021-05-03_CO01_E1",48.5117269770576,0.174587203417644,0,1.52499024375416,-3128.58719751527,-3128.49628842436,0.000700789052101362,0.998281844030953,""
"235","2021-05-03_CO01_R1",4.15962383277905,0.342488107926633,3.5834743935025e-28,1.5195118196268,-3425.19258874541,-3425.1171170473,0.00117820632476851,0.561712118874621,""
"236","2021-05-03_CO01_R2",184.65265971556,25.2502471951746,2.00609082223402e-12,1.41233110697984,-574.062862125413,-573.989467630001,0.101050376495491,0.373926611742483,""
"237","2021-05-03_CO01_R3",48.7439401504203,23.086330367389,0.0355223632120375,1.49314574541931,-801.578704535227,-801.502514059036,0.0684541424431507,0.117761591476799,""
"238","2021-05-03_CO01_R4",-17.56072039001,0.249831703087486,7.96742923354041e-200,1.51375328130007,-3735.07312683396,-3734.99950720206,0.000838252134217701,-0.9683727063304,""
"239","2021-05-03_CO01_R5",62.2698185914001,15.4106238256521,6.68361550661915e-05,1.50436602257248,-1047.97570986113,-1047.90000008195,0.0470041099095361,0.220659645213725,""
"240","2021-05-03_JO01_A1",4.25851582368483,0.187403078455994,1.84224314242421e-70,1.51068029864573,-3746.43404127821,-3746.36386583962,0.00107156774610937,0.774708443132516,""
"241","2021-05-03_JO01_B1",2.73168074536241,0.184110088863376,1.11624301017887e-38,1.50964881851599,-3688.18942822847,-3688.11778643743,0.00104406146317782,0.628592288470876,""
"242","2021-05-03_JO01_D1",8.52901132537516,0.129380626805313,3.69468871747007e-193,1.50829161932557,-3883.96168821582,-3883.88918066295,0.000730444372355183,0.963756324110019,""
"243","2021-05-03_JO01_E1",3.00867181319536,0.106932868373432,8.58619550992428e-90,1.50813225535285,-3990.80520090695,-3990.73225257868,0.000600867876955334,0.839737467576343,""
"244","2021-05-03_JO01_F1",5.86198447236233,0.0964769296792162,3.63973877282509e-179,1.5092791877776,-3982.73677306327,-3982.66223890177,0.000534832984863533,0.958811457433633,""
"245","2021-05-03_JO01_R1",-11.6470079132729,0.428427810171453,3.10531393418347e-86,1.51513161879894,-3476.3554411738,-3476.28227044209,0.00128059741103388,-0.831453262570905,""
"246","2021-05-03_JO01_R2",-14.5250297705996,0.290561703311874,3.30796036663231e-158,1.51086456433957,-3789.36538293217,-3789.29395436074,0.000914248306820724,-0.938540304570162,""
"247","2021-05-03_JO01_R3",-3.73263334474055,0.237825856085146,5.01716011718117e-42,1.51118071501963,-3931.18678003645,-3931.11492374902,0.000717159731726124,-0.650388257792918,""
"248","2021-05-03_JO01_R4",-7.90421168131105,0.152433089778368,4.22833487504023e-160,1.50884002627836,-3991.85728922846,-3991.78366959656,0.000568074185611614,-0.944073911574856,""
"249","2021-05-03_JO01_R5",-2.26013974011957,0.277877805496571,8.75805078299771e-15,1.50980102818519,-3531.27665258726,-3531.20280643341,0.00112306903976447,-0.410203643629705,""
"250","2021-05-03_JO01_R6",-18.7784949421639,0.213148117668201,2.05555145997147e-228,1.51019540396117,-3837.54761047441,-3837.47307631292,0.000668233247196531,-0.979759873136414,""
"251","2021-05-03_RO01_A1",-0.0833364671546341,0.198996611053678,0.675647735929251,1.52368919141414,-3556.77407874905,-3556.70068425363,0.00111629269633029,-0.0230821220367521,""
"252","2021-05-03_RO01_B1",-1.93291138371708,0.180849655969935,4.76059726480392e-23,1.52038247694511,-3587.38407689548,-3587.30977348991,0.00099741651742179,-0.509972990218985,""
"253","2021-05-03_RO01_C1",0.125901640925777,0.421849319860053,0.76555154541999,1.51822361628526,-2995.33904684591,-2995.26381173619,0.00233004287708741,0.0166556380251857,""
"254","2021-05-03_RO01_D1",-0.49673331515231,0.108926520621752,7.26212602131474e-06,1.5166524378368,-3889.9797848773,-3889.90501852216,0.000605372154703242,-0.24594571602328,""
"255","2021-05-03_RO01_E1",0.117566798954175,0.149374401522621,0.431816089121055,1.51587860273544,-3727.65107962012,-3727.57723346628,0.000833287776382696,0.0434834172372714,""
"256","2021-05-03_RO01_F1",-30.5181720942783,7.61966140286869,7.72045826040907e-05,1.53434730631101,-1129.11586703527,-1129.03991766818,0.0411956640800442,-0.219140483274384,""
"257","2021-05-03_RO01_R1",-15.0656023438655,0.488319148199072,7.44607337730092e-99,1.52673365204568,-3304.18539007851,-3304.11154392467,0.00158595801577508,-0.862728344386584,""
"258","2021-05-03_RO01_R2",100.938771663543,30.071384071869,0.000884640288772279,1.47741593779718,-605.839052392899,-605.76310302581,0.0933124027330554,0.184982429549589,""
"259","2021-05-03_RO01_R3",-14.6208042667806,0.351592208541175,2.71200232073014e-131,1.51944634050186,-3570.18911742851,-3570.11388231879,0.000956978723011842,-0.918387516347061,""
"260","2021-05-03_RO01_R4",-10.1978282015248,2.1370094929575,2.77096819255763e-06,1.51742238844664,-2374.49851507114,-2374.42351507114,0.00616139930312742,-0.257001230533719,""
"261","2021-05-03_RO01_R5",-20.3998180059449,7.10260914480911,0.00435065172602506,1.5138110278568,-1574.41435086205,-1574.33840149497,0.0205436959829903,-0.159013349893592,""
"262","2021-05-03_RO01_R6",-14.3373987579419,0.267485857212227,3.61558466490655e-141,1.51009624956108,-3107.88902766443,-3107.79453947545,0.000581606694543538,-0.958219870853858,""
"263","2021-05-04_AL03_A1",473.836405304923,2.59978185575087,0,1.47703205439863,-1905.61195199738,-1905.54094608022,0.0148350850934367,0.994921357860041,""
"264","2021-05-04_AL03_B1",18.9733869157312,0.220535262735771,3.0342584848985e-234,1.5201584158631,-3626.88018372531,-3626.80980249363,0.00125442836928771,0.977605165170896,""
"265","2021-05-04_AL03_C1",-195814844.43724,112181540.037988,0.0818312084865486,137326.773092227,9740.46062853679,9740.53424816869,617407.019441781,-0.0959355338200929,""
"266","2021-05-04_AL03_D1",29.1905530348057,0.764158876335203,1.83310040709406e-120,1.51333044616559,-2604.80798215781,-2604.73154903679,0.00400253269007949,0.906638147667828,""
"267","2021-05-04_AL03_E1",285.439510592996,2.0595158008109,3.1699600187021e-301,1.46490884625193,-2063.39578891872,-2063.32478300156,0.0117789832807504,0.991265623830233,""
"268","2021-05-04_AL03_F1",62.0071794576611,0.344021336073298,0,1.48339377481748,-3262.39010124646,-3262.31845945541,0.00195646831278854,0.994853359083141,""
"269","2021-05-04_AL03_R1",-32.9808792502813,0.409021077789606,1.34395426205467e-224,1.52077832565785,-3568.08030065852,-3568.00971242322,0.00134561081565658,-0.974693646739723,""
"270","2021-05-04_AL03_R2",-30.9485465731655,0.392538335505406,2.23279840970349e-214,1.50855275940617,-3382.84214722068,-3382.7680731466,0.00138535573070919,-0.974765986473549,""
"271","2021-05-04_AL03_R3",-46.5070754193468,0.688519141682608,1.78560537346799e-202,1.49902948360565,-3286.76822778061,-3286.69906351548,0.00222803685881657,-0.963816764916915,""
"272","2021-05-04_AL03_R4",-34.5207723376036,0.268686386984694,7.0393124644644e-291,1.4995610220546,-3836.29154464925,-3836.22074818907,0.00089649070699779,-0.989828408741326,""
"273","2021-05-04_AL03_R5",-27.8231811010354,0.369604219789134,5.05579182485102e-209,1.49352751479373,-3341.92686816102,-3341.85324852912,0.00152080500300366,-0.972258264739414,""
"274","2021-05-04_AL03_R6",-15.1801067815861,0.263865170337582,4.14965258047614e-173,1.48983501566628,-3707.1639090768,-3707.09006292295,0.000859640750413688,-0.953982563121299,""
"275","2021-05-04_AL04_A1",10.3669018255616,0.675871011863103,9.45323426622674e-41,1.4852291650307,-2836.06114344317,-2835.99034698299,0.0038527780421293,0.638956641620422,""
"276","2021-05-04_AL04_B1",11.7721134587374,0.50323161330481,4.05201643904488e-72,1.46581505803842,-2959.10012132867,-2959.0271730004,0.00282844338248444,0.789371437970247,""
"277","2021-05-04_AL04_C1",17.5185828883144,0.284801093411064,5.63512082119535e-186,1.47458416779161,-3412.7409873822,-3412.66977076499,0.00161436426253648,0.958004163134805,""
"278","2021-05-04_AL04_D1",10.314031190987,0.431907506037581,2.94839062453971e-63,1.46866975696093,-2126.17677646375,-2126.06768555466,0.00208335154995299,0.848404446169977,""
"279","2021-05-04_AL04_E1",4.45420699478058,1.80070215091879,0.0140606658412475,1.46829653418624,-1629.0211099731,-1628.92152491086,0.00863770872624506,0.156720343196146,""
"280","2021-05-04_AL04_R1",-12.9756556317111,0.904280273923933,7.01211831230747e-37,1.47349949097305,-2984.80819792011,-2984.73760968482,0.00314127028380727,-0.613022373054092,""
"281","2021-05-04_AL04_R2",-6.31479058753192,0.664044601892309,3.61092403045782e-19,1.47528166961941,-3364.44139929612,-3364.37039337896,0.00175804676489341,-0.458362725927511,""
"282","2021-05-04_AL04_R3",0.79756584382364,0.339116435276146,0.0192430228908944,1.47361863354356,-3709.98283357936,-3709.91245234768,0.00111209026178463,0.125978592032428,""
"283","2021-05-04_AL04_R4",86.6905931410128,9.43967212119588,6.77474771612356e-17,1.41262828223939,-894.082717637243,-893.956401847769,0.0239076220098705,0.552450940408471,""
"284","2021-05-04_AL04_R5",4.10117540470899,0.298935631223323,1.75388864984868e-32,1.46844038890642,-2816.48325832733,-2816.38877013835,0.00102304044389834,0.650927394265128,""
"285","2021-05-04_ME01_A1",3.523942181745,0.214529294784347,5.11506309840253e-45,1.52247779564112,-3604.36377374472,-3604.29255712751,0.00121892510167193,0.665725899906805,""
"286","2021-05-04_ME01_B1",2.08974003949925,0.208063078542926,6.91620818826031e-21,1.52075632048137,-3537.37839569411,-3537.30522496241,0.0011681539199212,0.483860661642997,""
"287","2021-05-04_ME01_C1",101.771638089219,17.601634761013,1.77786638892235e-08,1.44649465851464,-587.766789290322,-587.690111974028,0.0951486719481056,0.309752952606472,""
"288","2021-05-04_ME01_D1",0.108903722303558,0.321545790707368,0.735060127365575,1.51791306091868,-3248.35868095281,-3248.2855102211,0.00180524318494118,0.0186409249152968,""
"289","2021-05-04_ME01_E1",-55.3922660053309,7.80480981492347,7.99321206147614e-12,1.55279030072658,-1124.78346692222,-1124.70939284814,0.0432985684968833,-0.365829898185427,""
"290","2021-05-04_ME01_F1",-1.97188479612617,3.27836206401682,0.547953940870927,1.51270763290476,-1654.83376366327,-1654.75634430843,0.0172424073640103,-0.0340326428133918,""
"291","2021-05-04_ME01_R1",-23.7006854203787,0.653453281049171,4.23379382754347e-120,1.5254863557484,-3231.74407349451,-3231.67450827712,0.00234688400367221,-0.889538592742236,""
"292","2021-05-04_ME01_R2",-1688.47375522873,848.302975071129,0.0473801403898438,2.25335277611352,1613.10544196123,1613.17951603531,2.81222345884506,-0.109575012237144,""
"293","2021-05-04_ME01_R3",-25.2970256794678,0.346556707226461,3.21091088914143e-203,1.51380544128641,-3565.09763214567,-3565.02309798418,0.00101485939010318,-0.970916271100467,""
"294","2021-05-04_ME01_R4",-0.779788943390617,1.291259519039,0.546328940491018,1.5085563079928,-2753.02161666129,-2752.94799702939,0.00371181318371882,-0.0333261626918377,""
"295","2021-05-04_ME01_R5",-6.3114744602354,4.97838776499278,0.205791523314162,1.5122445742527,-1763.39557125281,-1763.32080489767,0.0159547428538081,-0.0703660218530724,""
"296","2021-05-04_ME01_R6",-180.413011928046,21.8909106356013,4.42806038569434e-15,1.56280574678451,-1020.03436058789,-1019.95888888978,0.0493388085884815,-0.418438883453664,""
"297","2021-05-04_VI01_A1",-1.1387095746268,0.182231297492341,1.21278905470514e-09,1.49074852036272,-3794.18681124927,-3794.11724603188,0.00104843293290693,-0.318031620068579,""
"298","2021-05-04_VI01_B1",3.61230275944045,0.159406789551274,1.00138401785559e-69,1.4882220062571,-3788.47580300743,-3788.40416121639,0.000900507625304839,0.777026588258793,""
"299","2021-05-04_VI01_C1",26.7711364858655,5.5924813968675,2.57200355790772e-06,1.46462875856529,-1347.14938948906,-1347.07531541498,0.0308503202572129,0.256272666040383,""
"300","2021-05-04_VI01_D1",4.28053228248347,1.86855560214855,0.022592328057268,1.47374281670764,-2114.92580229792,-2114.8539460105,0.0105309644111373,0.124010018751354,""
"301","2021-05-04_VI01_E1",1.61808618364719,0.0897405285003545,1.12825211295936e-51,1.47521408054913,-4266.12436794467,-4266.05439709918,0.000514740765074802,0.696531904853051,""
"302","2021-05-04_VI01_F1",-3.19846895892854,0.108368705479189,4.12195811059057e-97,1.47441547192755,-4202.49314406455,-4202.42437615624,0.000625389398800668,-0.84427096688128,""
"303","2021-05-04_VI01_R1",-74.9024902429217,8.87267186794762,9.7332589108093e-16,1.51171073856677,-1305.3707565401,-1305.29824898723,0.0342792762570664,-0.419863492333369,""
"304","2021-05-04_VI01_R2",-9.26930729968461,0.184554996539685,1.66549915564265e-155,1.47851980964523,-3814.13441898432,-3814.06034491025,0.000717845596720892,-0.941040141036184,""
"305","2021-05-04_VI01_R3",-14.0699979037816,5.16407322753542,0.00678007097774577,1.47060686434773,-1841.62313455215,-1841.55018622388,0.0151442344072061,-0.14810558774939,""
"306","2021-05-04_VI01_R4",-15.1785820112572,0.180058104392171,3.4475299743602e-233,1.472026496864,-4229.56174717206,-4229.49218195467,0.000561889694197145,-0.976443945458409,""
"307","2021-05-04_VI01_R5",-21.4181248050802,0.199909515483974,1.21187534175002e-269,1.47072945709942,-4204.99922844069,-4204.93026292345,0.00061270773271563,-0.985094495256567,""
"308","2021-05-04_VI01_R6",-39.4223832256084,0.462115500201596,5.67929941366823e-234,1.47330466778062,-3544.00363038216,-3543.93365953667,0.00145707051133841,-0.977107723872339,""
"309","2021-05-05_BR01_A1",110.42084120483,21.2953844607825,3.70669658359598e-07,1.43131861943316,-468.69726410941,-468.626467649233,0.121481527187062,0.270339032576343,""
"310","2021-05-05_BR01_B1",0.23024062069285,0.179137190226685,0.199578651376397,1.50845076144589,-3707.84760747834,-3707.77596568729,0.00101422421071265,0.0698424410752721,""
"311","2021-05-05_BR01_C1",-66.4947858716314,9.1607510776481,3.03564016206175e-12,1.55482160869605,-1008.00201749825,-1007.92582702206,0.0495318826026351,-0.377518935375008,""
"312","2021-05-05_BR01_D1",2.48012696127984,0.105309131128687,9.10341212847553e-72,1.50622808678348,-3870.77845466768,-3870.7027448885,0.000578883536356201,0.796783211572252,""
"313","2021-05-05_BR01_E1",1.79830020807199,0.133814416295288,5.43871150350851e-33,1.50703980756887,-3748.68047480371,-3748.60547480371,0.00073908136612825,0.599443007274223,""
"314","2021-05-05_BR01_F1",1.08171227414384,0.165974479921564,2.73917967544629e-10,1.50675066857311,-3628.74765790046,-3628.67312373897,0.000920468344918021,0.340445681897577,""
"315","2021-05-05_BR01_R1",-1.3217763701624,0.287931561885945,6.26026016450078e-06,1.51008113086126,-3575.13849655345,-3575.06642448138,0.00119546003845299,-0.243275773228373,""
"316","2021-05-05_BR01_R2",0.189516931303187,0.178836324914839,0.290060083164063,1.50685468479603,-3710.20916075049,-3710.134626589,0.00081235842736787,0.0587717231217768,""
"317","2021-05-05_BR01_R3",-4.03461007510366,0.278487321970477,4.83951784057378e-37,1.50700532123815,-3704.69512481436,-3704.62082140878,0.000833633420900479,-0.626417376180929,""
"318","2021-05-05_BR01_R4",-0.577290920419521,1.06999444463686,0.589905627787335,1.50457232777245,-2559.95062329315,-2559.87370021622,0.00418682589979422,-0.0304331684583565,""
"319","2021-05-05_BR01_R5",-2.39167617229899,0.16723050852724,2.77268970933326e-36,1.50607835269715,-3884.86133982268,-3884.78657346754,0.000610157994805834,-0.622673014929336,""
"320","2021-05-05_BR01_R6",-0.902255208479422,0.13814185459991,2.55131595568566e-10,1.50599213753129,-4005.8036508206,-4005.72841571089,0.0004875804269135,-0.342497249822547,""
"321","2021-05-05_BR02_A1",36.1467162114236,9.4539455977427,0.000159457414007162,1.4963455965473,-982.694410653919,-982.615463285498,0.0487668457875178,0.213531162058146,""
"322","2021-05-05_BR02_B1",-1.17038767481448,0.326872675081745,0.000394372265028869,1.51731097794411,-3239.30684160762,-3239.23367087592,0.00183002128764672,-0.193382771995641,""
"323","2021-05-05_BR02_C1",-0.0193777490121117,0.162248853662548,0.905004484937192,1.51211642123258,-3753.84747667542,-3753.77540460335,0.000917029374423155,-0.0065251430948409,""
"324","2021-05-05_BR02_D1",78.1031042433963,21.2131878875892,0.000272675355387256,1.44994983363248,-494.389577402263,-494.312406984256,0.109698127673847,0.203743454365355,""
"325","2021-05-05_BR02_E1",0.351523960574839,0.10315185095457,0.000733880308545365,1.50971223925869,-4097.05560553343,-4096.984176962,0.000581503263160042,0.182256880112801,""
"326","2021-05-05_BR02_R1",-6.92812317489935,0.343294467759711,3.58929036155333e-59,1.5179763478933,-3466.72225342253,-3466.64748706739,0.00116096732059154,-0.746797465449172,""
"327","2021-05-05_BR02_R2",192.933497143761,32.9492795778138,1.15798334478335e-08,1.43540803139758,-578.994447106176,-578.920600952329,0.0997648806407781,0.30806037041326,""
"328","2021-05-05_BR02_R3",-14.7886021820336,0.582091767101164,3.30340434319684e-80,1.51368903525483,-3338.68404564676,-3338.61218935933,0.00172293055074513,-0.810958645194739,""
"329","2021-05-05_BR02_R4",-49.3719038578472,8.63101108653998,2.35849652610648e-08,1.52843979456543,-1515.17623226931,-1515.10416019724,0.0254026859619694,-0.29830363563439,""
"330","2021-05-05_BR02_R5",-11.2622393684252,0.208428550065778,1.17221878873249e-165,1.51107635422848,-3958.61179448164,-3958.53839998623,0.000608357540014862,-0.948012692300335,""
"331","2021-05-05_CA01_A1",51.5663361334139,16.2336311175907,0.00163968581841217,1.49100124014683,-652.367297362365,-652.289878007527,0.085085452564498,0.176995336711535,""
"332","2021-05-05_CA01_B1",114.484310958466,28.0055032288282,5.49442884325866e-05,1.4384668291553,-291.203212007164,-291.128677845673,0.153862682308397,0.221467217249911,""
"333","2021-05-05_CA01_C1",30.1158042057757,9.58440075619603,0.00182945219611547,1.48981982183631,-1010.50138587443,-1010.42799137902,0.0522660214879476,0.170691098291203,""
"334","2021-05-05_CA01_D1",-17.6671147260302,4.39148963551777,7.10562375497708e-05,1.52171509001313,-1539.37017412657,-1539.29810205449,0.0245070016608903,-0.214677192659128,""
"335","2021-05-05_CA01_E1",3.64735900786583,1.3951933395004,0.00934304030670959,1.50617935063988,-2320.19943711312,-2320.12800854169,0.007931840338515,0.140779347232725,""
"336","2021-05-05_CA01_R1",-5.13092152297226,0.284120538228578,3.1856047177171e-51,1.51944566896486,-3693.11936566064,-3693.04641733238,0.000939502801062389,-0.704479568890935,""
"337","2021-05-05_CA01_R2",-2.14491842957001,0.284951297089181,4.71935461290906e-13,1.51282941445821,-3847.50143553361,-3847.4302189164,0.000853391021372311,-0.378424114394047,""
"338","2021-05-05_CA01_R3",-11.041630760222,1.18972454891106,2.05151084903389e-18,1.51311263629339,-2897.84238919179,-2897.77117257458,0.00343468258568934,-0.450115513103556,""
"339","2021-05-05_CA01_R4",-1.98944512989971,0.220108556847171,1.26929678209994e-17,1.50818963439658,-4035.52968208405,-4035.45804029301,0.000625513167041409,-0.441719608507932,""
"340","2021-05-05_CA01_R5",-5.33075379560895,0.181116092894546,1.23760254518119e-95,1.50623372446371,-4073.37463718568,-4073.3038407255,0.000634530751316998,-0.847082734825158,""
"341","2021-05-05_CA02_A1",59.3318421594576,13.9750598183592,2.87276438556215e-05,1.45744672427931,-752.926057238259,-752.849379921965,0.0733275989862133,0.232646180606837,""
"342","2021-05-05_CA02_B1",11.4642931282294,0.523483581246043,3.78570714791906e-66,1.50116867023565,-2907.41941044307,-2907.34579081117,0.00293757506977258,0.770625387728127,""
"343","2021-05-05_CA02_C1",22.1353547134379,4.07299290391911,1.08997037987943e-07,1.48542750015867,-1556.61689373697,-1556.54142203886,0.0214453593063755,0.29068801783404,""
"344","2021-05-05_CA02_D1",6.38742397027481,0.20136318617914,4.48129192032231e-103,1.49691963781625,-3616.95361040306,-3616.88175411563,0.00114154805198866,0.865833566825406,""
"345","2021-05-05_CA02_E1",1.93131864654742,0.553366317770848,0.00067434576935699,1.49765715281574,-1436.30517378065,-1436.10349310838,0.000693492044340274,0.302426679028591,""
"346","2021-05-05_CA02_R1",-16.0576965635937,0.422613345195954,8.61630729186609e-122,1.49927577194283,-3357.05981462798,-3356.98574055391,0.00144088756487079,-0.903210422582135,""
"347","2021-05-05_CA02_R2",-52.6153378999679,10.6618493973822,1.26943479092558e-06,1.50741792339019,-1214.84941927292,-1214.77691172005,0.0392380702107155,-0.261054305073453,""
"348","2021-05-05_CA02_R3",-9.6562717525463,0.524983522487972,5.64016815854363e-53,1.49606167598482,-3261.38360546338,-3261.3128090032,0.00207257307867432,-0.705710567879428,""
"349","2021-05-05_CA02_R4",-19.6825471495354,0.179618098665118,5.08347280501131e-265,1.49844295907397,-4036.59460869584,-4036.52275240841,0.000613616323802945,-0.986295997160449,""
"350","2021-05-05_CA02_R5",-22.1020996487498,0.248723682236153,1.83402811356887e-235,1.49747974789697,-3986.88163190404,-3986.80977561662,0.000660442298309927,-0.979380408999063,""
"351","2021-05-05_GR01_A1",1.25375878924472,0.213126050693058,9.78050959133240e-09,1.51000403723597,-3568.78913808089,-3568.71706600882,0.00120677497796106,0.305990386970941,""
"352","2021-05-05_GR01_B1",38.9385765606509,9.9916360772854,0.00011872823415268,1.47515049488335,-960.185845722697,-960.109896355608,0.053639523138715,0.213500599815947,""
"353","2021-05-05_GR01_C1",1.56140758722144,0.115613369921193,1.90122135353259e-33,1.50061563334114,-3959.65283617426,-3959.58032862139,0.000652415230341095,0.594891140924006,""
"354","2021-05-05_GR01_D1",1.84477135443634,0.105801329182474,8.56324553294668e-49,1.50005779421556,-4011.76381187275,-4011.69108460003,0.000592860159192019,0.691378501969952,""
"355","2021-05-05_GR01_E1",-0.847305580062554,0.140468190138969,4.27182611245879e-09,1.50061876132175,-3860.92076552681,-3860.84890923939,0.000795716050792918,-0.312583394667031,""
"356","2021-05-05_GR01_F1",2.07777806019463,0.104549596685735,1.15308102673638e-58,1.49759676150128,-4060.85986183456,-4060.78800554713,0.000591980981278301,0.735071966251388,""
"357","2021-05-05_GR01_R1",2.18140153316619,0.452121213856472,2.13713394466097e-06,1.50897121808294,-3498.98405289993,-3498.91154534706,0.00129756740519121,0.25561463200809,""
"358","2021-05-05_GR01_R2",-27.7955940256752,0.387015014545867,5.9348917195802e-206,1.50523221673921,-3584.50531093604,-3584.43345464862,0.00119767924835936,-0.968939807454623,""
"359","2021-05-05_GR01_R3",-20.0703612651671,0.271114971491046,3.43637616639544e-207,1.50243425726324,-3800.19771405444,-3800.12431955902,0.000772829892066761,-0.971270587011408,""
"360","2021-05-05_GR01_R4",38.5365936037246,18.4845753917689,0.0378679551253711,1.47573881027064,-924.244055866717,-924.169752461144,0.058527265192642,0.114878140487155,""
"361","2021-05-05_GR01_R5",-18.8255687817313,0.227021729990625,1.98300419897868e-224,1.4990441535304,-3939.57591513126,-3939.50340757839,0.000672261074884021,-0.976632134383275,""
"362","2021-05-05_GR01_R6",-0.634314042717881,0.248898480904015,0.0112845110267079,1.49701521134847,-3744.15611465129,-3744.08087954158,0.000731050397708901,-0.140825042794776,""
"363","2021-05-06_BU01_A1",0.664941061352643,0.192262430554364,0.00061350538754897,1.50736797598941,-3630.78381980405,-3630.71153064742,0.00108320164848285,0.185940921936771,""
"364","2021-05-06_BU01_B1",2.15880241459342,0.163610456453603,4.1198253656758e-32,1.50569010045521,-3635.69203024183,-3635.61749608034,0.000910716573684801,0.591211278537287,""
"365","2021-05-06_BU01_C1",7.56310684685849,15.4083010121532,0.623868500449934,1.49816183394094,-681.944269668,-681.86950331286,0.0842279973304348,0.0273012359227334,""
"366","2021-05-06_BU01_D1",1.15849554892655,0.133781176195604,2.20226471910261e-16,1.50211280430121,-3798.27605411111,-3798.20220795726,0.000748481333026859,0.431908913686571,""
"367","2021-05-06_BU01_E1",2.75129468366848,0.102960354982131,5.05266779049519e-84,1.50232021293494,-3949.47598870336,-3949.40168529779,0.000573358454374819,0.828985536837551,""
"368","2021-05-06_BU01_F1",1.86872112393593,0.0974791366546745,1.57817740594188e-55,1.50285487561276,-4030.45454600465,-4030.38115150924,0.000545792558748021,0.726390358641865,""
"369","2021-05-06_BU01_R1",-15.6156985619069,1.68553629887667,2.37473910362564e-18,1.51039790360001,-2618.54878084799,-2618.47713905695,0.00505692925932495,-0.45054653008206,""
"370","2021-05-06_BU01_R2",-20.5416183444745,0.300986901015835,4.6852249902802e-197,1.50412561717513,-3689.57584887654,-3689.50290054827,0.000944514837379363,-0.966255877699382,""
"371","2021-05-06_BU01_R3",-8.89375559821564,1.3972094158962,6.63142016281477e-10,1.50434873537522,-2647.24334581601,-2647.16904241044,0.00419938139740775,-0.332942577556013,""
"372","2021-05-06_BU01_R4",-4.51393091703472,0.219380636413364,7.04005822152406e-61,1.50182821696562,-3926.40924850939,-3926.33517443532,0.000604924613697875,-0.75164089212011,""
"373","2021-05-06_BU01_R5",-3.87376245853052,0.186483760788568,1.2050684991371e-61,1.50177384410624,-3993.8117807436,-3993.73770666953,0.000545856479021649,-0.754744150559,""
"374","2021-05-06_BU01_R6",-8.35439080293833,0.302467880418494,1.09113461924932e-85,1.5016620831744,-3543.22740548099,-3543.14973557808,0.000837218278238154,-0.842854060410023,""
"375","2021-05-06_BU02_A1",39.6971575213133,0.315466179754395,1.30674795276357e-286,1.51981770481022,-3343.88555250275,-3343.81433588554,0.00178586391099149,0.989464605556553,""
"376","2021-05-06_BU02_B1",26.419539961258,1.13996311993037,9.86096290921561e-72,1.55403932960981,-2450.12015298177,-2450.04851119073,0.0064829732398865,0.783880148244051,""
"377","2021-05-06_BU02_C1",31.2690650582573,0.122439637771442,0,1.51005909221682,-3933.40164944578,-3933.32914189291,0.000678484809919029,0.997456865370198,""
"378","2021-05-06_BU02_D1",26.6189966443058,5.38929498439314,1.25359697124365e-06,1.53784950250341,-1394.20071233897,-1394.12686618513,0.028901714750734,0.263488272747049,""
"379","2021-05-06_BU02_E1",-217.277948528732,116.888024299239,0.0639683819540623,1.65292211843704,593.802798666149,593.878508445329,0.606389451704617,-0.103516801566857,""
"380","2021-05-06_BU02_R1",-6.60077733162683,0.353756947349046,7.98544756515025e-54,1.52395681924088,-3611.14407725651,-3611.07222096908,0.00115140077404643,-0.713363567296018,""
"381","2021-05-06_BU02_R2",-26.1092745708136,0.390781065703139,1.0167501575254e-195,1.52225070316186,-3458.32556571125,-3458.25349363918,0.00142168677232416,-0.964465422398549,""
"382","2021-05-06_BU02_R3",-13.4166448605975,0.252885129999602,5.88581507741213e-166,1.51200687707089,-3945.94510659811,-3945.87367802669,0.000726209038742034,-0.944876882524609,""
"383","2021-05-06_BU02_R4",-32.0928251218877,2.06851124303229,1.89150994640516e-41,1.50311699021873,-2535.62580117778,-2535.5550047176,0.00596999954655621,-0.643273348759337,""
"384","2021-05-06_BU02_R5",-7.75741920814407,0.189415724644804,1.54772264117868e-134,1.49950779500195,-4196.4887654921,-4196.41879464662,0.000569069681627945,-0.910713712877199,""
"385","2021-05-06_RA01_A1",90.5392527481843,17.1768852914419,2.42437270765624e-07,1.44294959095263,-612.065626960144,-611.994198388716,0.0977923709345399,0.275600822774795,""
"386","2021-05-06_RA01_B1",-0.557276158555133,0.174055587002654,0.00149203898792391,1.50539628958689,-3837.41978054822,-3837.35041638637,0.00100108298263715,-0.16915654544411,""
"387","2021-05-06_RA01_C1",1.01147312949729,0.100036133177675,3.36013549442479e-21,1.50126626980909,-4157.60891727618,-4157.53832904089,0.000571194817346482,0.47972417843174,""
"388","2021-05-06_RA01_D1",1.38163916407239,0.118990281118222,1.63723953715869e-26,1.50076938000455,-4050.15122717886,-4050.08084594719,0.000679256603698019,0.531189270951656,""
"389","2021-05-06_RA01_E1",1.37652243877017,0.0965495376709354,1.68165537206675e-36,1.49955281858756,-4171.76927870699,-4171.69848224681,0.000549744337568458,0.611121021558395,""
"390","2021-05-06_RA01_R1",-4.20490895495101,0.296746452840853,3.84983821282804e-36,1.50833401009995,-3736.42121472914,-3736.35020881198,0.00102058221204647,-0.609335844852025,""
"391","2021-05-06_RA01_R2",-15.5497231358754,0.262946312968281,2.49826477278414e-181,1.50346790691952,-3886.69147125386,-3886.62067479368,0.000832987508584053,-0.954544149895268,""
"392","2021-05-06_RA01_R3",-20.5441189955697,0.272768562875075,2.00707013027452e-215,1.50078858151448,-3987.13073371328,-3987.0603524816,0.000744217267791802,-0.971072658272581,""
"393","2021-05-06_RA01_R4",-6.35334365181259,0.179370158974826,5.67280287723416e-116,1.50069465341319,-4170.68689036757,-4170.61567375036,0.000531306402310942,-0.887284464095361,""
"394","2021-05-06_RA01_R5",-1.6293273814091,0.183031087754107,3.30991089461993e-17,1.49850888296383,-4240.38806125318,-4240.317264793,0.000497415627656028,-0.43424285151209,""
"395","2021-05-07_AL05_A1",5.36959594754785,0.181027030961259,1.84540179816123e-96,1.50301808680006,-3741.63116151159,-3741.56036505141,0.00102913798579242,0.848929157514871,""
"396","2021-05-07_AL05_B1",24.6374983931488,0.160494518737087,1.68846143961213e-317,1.49834309176964,-3831.70546268652,-3831.63487445122,0.000917293254995584,0.992821605632002,""
"397","2021-05-07_AL05_C1",13.4877638995664,0.133798759177275,2.03767150929013e-256,1.49534067506531,-3958.43693014115,-3958.36634190586,0.000762974419918531,0.983585646746926,""
"398","2021-05-07_AL05_D1",21.9477649986541,0.137956373701132,5.23709584591721e-322,1.49244885070306,-3924.99057608396,-3924.91977962378,0.000787756512231633,0.993330921609623,""
"399","2021-05-07_AL05_E1",17.3419288772976,6.02506884130703,0.00425200415903009,1.50368283624233,-1328.48537361083,-1328.41415699362,0.0342961982217322,0.154451679022942,""
"400","2021-05-07_AL05_R1",-0.306222657074309,0.516574985063586,0.553718830135192,1.53986228292154,-3457.62554063084,-3457.55346855877,0.0014231641215799,-0.0323708336227396,""
"401","2021-05-07_AL05_R2",-50.4167730051025,0.340203287791482,4.88743177556448e-313,1.50547137598286,-3900.82319437825,-3900.75281314658,0.000843378972471358,-0.992281373129715,""
"402","2021-05-07_AL05_R3",-10.9712787334372,0.309702399768622,4.53515861369894e-105,1.49301134704106,-3332.57399454534,-3332.4870380236,0.000625415978236856,-0.904792766428542,""
"403","2021-05-07_AL05_R5",-98.1996993014787,15.2924303148131,4.67005050972151e-10,1.52215815405062,-1149.34903444629,-1149.27630717356,0.0430453983778892,-0.332385748652173,""
"404","2021-05-07_AL05_R6",-6.91529356547407,0.239095869900077,8.13743118260386e-84,1.49037191276806,-3287.32544551068,-3287.23384245725,0.000497643652586062,-0.871845010477113,""
"405","2021-05-07_AL06_A1",21.8509023499231,0.108346895819751,0,1.48900343030127,-4004.38987732405,-4004.31736977118,0.000610274900593288,0.995931337871997,""
"406","2021-05-07_AL06_B1",21.3281674030771,0.102869230469609,0,1.4867881988322,-3996.60696243437,-3996.53356793895,0.00057442426150507,0.996195079367958,""
"407","2021-05-07_AL06_C1",21.2242973951983,0.536991383103038,5.49893136174667e-127,1.48913406403903,-2900.18087674399,-2900.10748224858,0.00300971603475242,0.908864593633961,""
"408","2021-05-07_AL06_D1",43.6201538303553,0.312806462430098,2.18338570640587e-295,1.48657325861406,-3267.09422199381,-3267.02105126211,0.00175501803802595,0.991621313746995,""
"409","2021-05-07_AL06_E1",52.4962904401141,3.45554774525794,1.43391767316752e-39,1.48929055270345,-1652.03082077839,-1651.9548714113,0.018197393959978,0.648495948767968,""
"410","2021-05-07_AL06_F1",-17.7711565288491,8.63300183670536,0.0403254912886465,1.51111536438645,-1068.60017385048,-1068.52700311878,0.0481087535579791,-0.112596861270831,""
"411","2021-05-07_AL06_R1",-18.0384336169843,0.17838325232839,3.20069786486306e-248,1.49136861779965,-4057.23239798767,-4057.1583239136,0.000495554982886786,-0.984430931653007,""
"412","2021-05-07_AL06_R2",-32.090284636742,0.24184024437669,4.39738318161197e-287,1.49025920319913,-3806.27406518028,-3806.20044554838,0.000752528388706361,-0.990813770674423,""
"413","2021-05-07_AL06_R3",-6.88904422557933,1.87906604433503,0.000441472452208709,1.48729594672271,-959.325837959613,-959.018145651921,0.00068047097775183,-0.379269593051786,""
"414","2021-05-07_AL06_R4",-38.6121347031994,5.23194868857609,1.26643016748395e-12,1.49869470647102,-1787.15917572309,-1787.08688656647,0.0168341607308064,-0.374441664194923,""
"415","2021-05-07_AL06_R5",-17.8660410037785,0.277916304574999,3.7600773943996e-190,1.48800130840316,-3765.03476665813,-3764.96247750151,0.000887047231335556,-0.961885438850505,""
"416","2021-05-07_AL06_R6",-14.3374850706656,0.246140290867471,1.04792502714386e-175,1.48770686713766,-3879.774652531,-3879.70148179929,0.000697514235043468,-0.954652390782641,""
